{"run_identifier": "ADV2new-SyBa_500Hz_vel_ETRA_FIFA_EMVIC_accz08", "signal_type": "vel", "lr": 0.0005, "hz": 500, "viewing time": 2, "bs": 32, "slice-time-windows": null, "last loss": "CELval", "current day": "06.07.2022", "current time": "21:15:33", "epoch losses train": [68.67422041888834, 56.486433342894436, 53.030188140802395, 55.14361464132474, 51.799225620293136, 48.71091851579027, 50.05421409748775, 49.7340691730002, 50.059147369621726, 48.11658976146868, 48.171215454528756, 46.095321626905175, 47.18142509084987, 48.031490807353876, 46.06226741193369, 0.0, 0.0, 0.0, 0.0, 0.0, 0.0, 0.0, 0.0, 0.0, 0.0], "epoch losses val": [69.81062043173272, 68.88264590480871, 59.241720052351035, 60.35853804872747, 64.2421030211867, 58.402465833697406, 55.64569241707785, 58.783068359107304, 53.43196096922222, 55.999529728136565, 58.943483867979886, 65.63297499941106, 59.07304196274072, 57.67814783464398, 60.151482364587615, 0.0, 0.0, 0.0, 0.0, 0.0, 0.0, 0.0, 0.0, 0.0, 0.0], "global losses 100 train": [75.35108770370483, 67.51236574363709, 70.49011461257935, 41.691467765808106, 55.2102064781189, 52.04655474281311, 61.29408344078064, 56.936194408416746, 46.25658875465393, 55.58658589744568, 55.195709466934204, 42.176226444244385, 61.35235224342346, 43.238508632659915, 46.164579573631286, 54.18235332489014, 61.13183499717712, 44.04303288936615, 44.38959073829651, 56.109885496139526, 43.383096088409424, 60.817349752426146, 43.83340869808197, 47.60988677978516, 43.980912569999695, 48.481285577774045, 51.8414951210022, 50.05916239929199, 44.90884656333923, 38.56613878822326, 0.0, 0.0, 0.0, 0.0, 0.0, 0.0, 0.0, 0.0, 0.0, 0.0, 0.0, 0.0, 0.0, 0.0, 0.0, 0.0, 0.0, 0.0, 0.0, 0.0, 0.0], "global losses 100 val": [0.0, 0.0, 0.0, 0.0, 0.0, 0.0, 0.0, 0.0, 0.0, 0.0, 0.0, 0.0, 0.0, 0.0, 0.0, 0.0, 0.0, 0.0, 0.0, 0.0, 0.0, 0.0, 0.0, 0.0, 0.0, 0.0, 0.0, 0.0, 0.0, 0.0, 0.0, 0.0, 0.0, 0.0, 0.0, 0.0, 0.0, 0.0, 0.0, 0.0, 0.0, 0.0, 0.0, 0.0, 0.0, 0.0, 0.0, 0.0, 0.0, 0.0, 0.0], "CEL epoch losses train": [1.0033628983864737, 1.0548851969256696, 1.1189115971509345, 1.1612985482991838, 1.2269655386293967, 1.2150232297020427, 1.271294392365066, 1.2319805460964914, 1.2039044871730755, 1.1881323393144216, 1.1894285874938297, 1.077805383051057, 1.0893157792007933, 1.0665541553017557, 1.1148221772799654, 0.0, 0.0, 0.0, 0.0, 0.0, 0.0, 0.0, 0.0, 0.0, 0.0], "CEL epoch losses val": [0.9486832999346549, 1.8185020323385273, 0.9788833743647525, 1.0142418767276564, 2.0009982353762577, 1.2366652198005141, 1.1980057871132566, 1.3901436261963427, 1.3285569437763147, 1.281908008717654, 1.4091152797665512, 1.5275348441642627, 1.0123555946768377, 1.9541604849330165, 0.9783560939002456, 0.0, 0.0, 0.0, 0.0, 0.0, 0.0, 0.0, 0.0, 0.0, 0.0], "CEL global losses 100 train": [0.9888696618080139, 1.011303218960762, 1.0548145971298217, 1.0540138981342315, 1.0972296043634415, 1.1506910995244979, 1.1961298933029174, 1.1306634391546249, 1.1918757773637771, 1.2518066076040268, 1.219091514468193, 1.2151005709171294, 1.2447051624059677, 1.288549924850464, 1.2334420315027237, 1.2332423229217528, 1.2213756177425386, 1.164356659770012, 1.2148262538909913, 1.1554647052288056, 1.171161504507065, 1.1935704395771027, 1.069585451722145, 1.0814661414623261, 1.0641923397779465, 1.0968553200960158, 1.0757899020910262, 1.052328602194786, 1.0993075311183929, 1.1219995217323304, 0.0, 0.0, 0.0, 0.0, 0.0, 0.0, 0.0, 0.0, 0.0, 0.0, 0.0, 0.0, 0.0, 0.0, 0.0, 0.0, 0.0, 0.0, 0.0, 0.0, 0.0], "CEL global losses 100 val": [0.0, 0.0, 0.0, 0.0, 0.0, 0.0, 0.0, 0.0, 0.0, 0.0, 0.0, 0.0, 0.0, 0.0, 0.0, 0.0, 0.0, 0.0, 0.0, 0.0, 0.0, 0.0, 0.0, 0.0, 0.0, 0.0, 0.0, 0.0, 0.0, 0.0, 0.0, 0.0, 0.0, 0.0, 0.0, 0.0, 0.0, 0.0, 0.0, 0.0, 0.0, 0.0, 0.0, 0.0, 0.0, 0.0, 0.0, 0.0, 0.0, 0.0, 0.0]}