{"run_identifier": "ADV2new-SyBa_500Hz_pos_ETRA_FIFA_EMVIC_lossSwitched", "signal_type": "pos", "lr": 0.0005, "hz": 500, "viewing time": 2, "bs": 32, "slice-time-windows": null, "last loss": "CELval", "current day": "04.07.2022", "current time": "16:47:32", "epoch losses train": [30.58612731245014, 11.387778627080516, 9.254780825826671, 8.661064671886551, 8.18384503380402, 7.559836335323907, 6.814486494847944, 6.043269328095696, 5.563314726823694, 5.318763903596184, 5.808081994210924, 5.165125824458949, 5.160105509774668, 7.70764191938447, 6.21366344986262, 0.0, 0.0, 0.0, 0.0, 0.0, 0.0, 0.0, 0.0, 0.0, 0.0], "epoch losses val": [210.64539755974616, 302.8077540897823, 275.4819557349999, 315.0813607702722, 321.0397300986977, 315.86342065984553, 351.35217658623117, 398.5010046258673, 443.71220365937774, 383.10257150076484, 482.4776026585719, 346.76409463949136, 381.1508617267742, 372.8013241107647, 405.80688775335994, 0.0, 0.0, 0.0, 0.0, 0.0, 0.0, 0.0, 0.0, 0.0, 0.0], "global losses 100 train": [49.69534682846069, 16.523574721336363, 12.511907265663147, 10.594686701774597, 9.542038549423218, 8.96425909805298, 9.261451356887818, 8.22380345582962, 8.818356437206269, 7.709255912303925, 7.2432172741889955, 7.7833996047973635, 7.743084163188934, 6.137324048995971, 5.745534624576568, 6.173873193264008, 5.592409436225891, 5.705824791193009, 5.371749091148376, 5.40236647939682, 6.6018068623542785, 5.0843965947628025, 4.7389552195072175, 5.558572110652924, 5.661150506019593, 4.640190239906311, 8.214919805049897, 7.879710621356964, 5.809708662986756, 6.066849434375763, 0.0, 0.0, 0.0, 0.0, 0.0, 0.0, 0.0, 0.0, 0.0, 0.0, 0.0, 0.0, 0.0, 0.0, 0.0, 0.0, 0.0, 0.0, 0.0, 0.0, 0.0], "global losses 100 val": [0.0, 0.0, 0.0, 0.0, 0.0, 0.0, 0.0, 0.0, 0.0, 0.0, 0.0, 0.0, 0.0, 0.0, 0.0, 0.0, 0.0, 0.0, 0.0, 0.0, 0.0, 0.0, 0.0, 0.0, 0.0, 0.0, 0.0, 0.0, 0.0, 0.0, 0.0, 0.0, 0.0, 0.0, 0.0, 0.0, 0.0, 0.0, 0.0, 0.0, 0.0, 0.0, 0.0, 0.0, 0.0, 0.0, 0.0, 0.0, 0.0, 0.0, 0.0], "CEL epoch losses train": [1.1678169858934997, 1.207005591763483, 1.2113771204660821, 1.216041784342769, 1.2157721637220649, 1.2140115550035364, 1.2100739864098442, 1.2220667737659874, 1.2104044428967928, 1.214492921333213, 1.2128020704209388, 1.2170032660340095, 1.2006763563706324, 1.183806971601256, 1.1773336636019753, 0.0, 0.0, 0.0, 0.0, 0.0, 0.0, 0.0, 0.0, 0.0, 0.0], "CEL epoch losses val": [1.1554363588769954, 1.1939072162954958, 1.1783863291456982, 1.1836140059924627, 1.2209700089651387, 1.21129644959123, 1.1991405845522047, 1.2039996875332786, 1.1916085840105177, 1.1882762677602834, 1.1991838564822723, 1.233570661578145, 1.1794540884194675, 1.1470566723313365, 1.1277109051084184, 0.0, 0.0, 0.0, 0.0, 0.0, 0.0, 0.0, 0.0, 0.0, 0.0], "CEL global losses 100 train": [1.156321078300476, 1.1763851598501205, 1.1837747415304185, 1.22026180768013, 1.201734906435013, 1.2238191919326782, 1.204554449915886, 1.2254282305240631, 1.2118184493780135, 1.2255468006134034, 1.204845708012581, 1.2257221033573151, 1.205072682619095, 1.2097044814825058, 1.2243137543201446, 1.2206635241508483, 1.2106022704839707, 1.2054671969413757, 1.2181639333963394, 1.2136857347488403, 1.214725145816803, 1.2078239269256592, 1.2222810317277908, 1.2145894887447357, 1.196539398431778, 1.2064894262552261, 1.1966693148612977, 1.1779159778356552, 1.1744216833114625, 1.1813200803995132, 0.0, 0.0, 0.0, 0.0, 0.0, 0.0, 0.0, 0.0, 0.0, 0.0, 0.0, 0.0, 0.0, 0.0, 0.0, 0.0, 0.0, 0.0, 0.0, 0.0, 0.0], "CEL global losses 100 val": [0.0, 0.0, 0.0, 0.0, 0.0, 0.0, 0.0, 0.0, 0.0, 0.0, 0.0, 0.0, 0.0, 0.0, 0.0, 0.0, 0.0, 0.0, 0.0, 0.0, 0.0, 0.0, 0.0, 0.0, 0.0, 0.0, 0.0, 0.0, 0.0, 0.0, 0.0, 0.0, 0.0, 0.0, 0.0, 0.0, 0.0, 0.0, 0.0, 0.0, 0.0, 0.0, 0.0, 0.0, 0.0, 0.0, 0.0, 0.0, 0.0, 0.0, 0.0]}