{"run_identifier": "ADV2new-SyBa_500Hz_pos_ETRA_FIFA_EMVIC_accz08", "signal_type": "pos", "lr": 0.0005, "hz": 500, "viewing time": 2, "bs": 32, "slice-time-windows": null, "last loss": "CELval", "current day": "07.07.2022", "current time": "18:33:43", "epoch losses train": [30.735670804143787, 11.462278682035166, 9.555927937889432, 11.337045501578938, 9.32027865394012, 8.590972016949754, 7.440918234261599, 8.40371822914877, 7.440635923113856, 7.644810726592591, 7.199453787370161, 6.703015530651266, 6.836823304007937, 6.225117546069872, 5.624461896144426, 0.0, 0.0, 0.0, 0.0, 0.0, 0.0, 0.0, 0.0, 0.0, 0.0], "epoch losses val": [253.8400960001912, 331.65247078208654, 328.23940703918885, 297.82533317512565, 348.6513627058976, 316.8075671962925, 347.09765998466867, 432.69845698429987, 352.6349344853755, 393.4907135863404, 371.51384361640555, 374.1087178583745, 343.09708404541016, 383.6455822924634, 362.27096253508455, 0.0, 0.0, 0.0, 0.0, 0.0, 0.0, 0.0, 0.0, 0.0, 0.0], "global losses 100 train": [50.21882157707214, 16.41333990287781, 12.726193937301636, 10.768965969085693, 9.82309124326706, 9.481085021018982, 11.55296158027649, 11.650903629302979, 9.781691665172577, 9.025379031181336, 8.822834585189819, 8.502524828433991, 8.094772688388824, 6.881204525947571, 9.19886901664734, 7.849665849208832, 7.5530667033195495, 7.577044390678406, 7.283382578372955, 7.881116844177246, 7.254137907505036, 7.288410577774048, 6.871027707576752, 6.626925589561463, 7.872970249176025, 6.034940200328827, 6.223065268516541, 6.084859272480011, 5.912806479930878, 5.397517368316651, 0.0, 0.0, 0.0, 0.0, 0.0, 0.0, 0.0, 0.0, 0.0, 0.0, 0.0, 0.0, 0.0, 0.0, 0.0, 0.0, 0.0, 0.0, 0.0, 0.0, 0.0], "global losses 100 val": [0.0, 0.0, 0.0, 0.0, 0.0, 0.0, 0.0, 0.0, 0.0, 0.0, 0.0, 0.0, 0.0, 0.0, 0.0, 0.0, 0.0, 0.0, 0.0, 0.0, 0.0, 0.0, 0.0, 0.0, 0.0, 0.0, 0.0, 0.0, 0.0, 0.0, 0.0, 0.0, 0.0, 0.0, 0.0, 0.0, 0.0, 0.0, 0.0, 0.0, 0.0, 0.0, 0.0, 0.0, 0.0, 0.0, 0.0, 0.0, 0.0, 0.0, 0.0], "CEL epoch losses train": [1.1661018816220177, 1.2108949515056777, 1.231647315350446, 1.2228312077117967, 1.222140444950624, 1.2188240600215805, 1.2585818231939436, 1.202779165983617, 1.225053095317387, 1.2022530228628978, 1.2127173338215669, 1.232036591774517, 1.2351008172218616, 1.2652855154934464, 1.2714423411688605, 0.0, 0.0, 0.0, 0.0, 0.0, 0.0, 0.0, 0.0, 0.0, 0.0], "CEL epoch losses val": [1.1745715310106744, 1.2140999080001058, 1.1963540984617247, 1.1965828127377516, 1.2164500295282243, 1.338611098436209, 1.16163317890434, 1.1898778397720178, 1.1559049589233799, 1.1562244389857446, 1.2255070880576446, 1.1628379050668303, 1.231552656922307, 1.2923630711498795, 1.2769126487778617, 0.0, 0.0, 0.0, 0.0, 0.0, 0.0, 0.0, 0.0, 0.0, 0.0], "CEL global losses 100 train": [1.1562662957906722, 1.1701687949895858, 1.1904274233579635, 1.2212376481294631, 1.2309145026206971, 1.2329375051259994, 1.2403962862491609, 1.2056036862134933, 1.2177597169876098, 1.230699368596077, 1.205378487586975, 1.2294755671024322, 1.2655219470262526, 1.2529618579149246, 1.213996041059494, 1.1895790940523148, 1.220250000476837, 1.2376866921186447, 1.1977783341407775, 1.2123208029270172, 1.1928209638595582, 1.2240505800247192, 1.2450240215063095, 1.2280332411527635, 1.2264826769828796, 1.244143014907837, 1.2623274661302566, 1.2689594271183013, 1.2621453934907914, 1.2751505101919174, 0.0, 0.0, 0.0, 0.0, 0.0, 0.0, 0.0, 0.0, 0.0, 0.0, 0.0, 0.0, 0.0, 0.0, 0.0, 0.0, 0.0, 0.0, 0.0, 0.0, 0.0], "CEL global losses 100 val": [0.0, 0.0, 0.0, 0.0, 0.0, 0.0, 0.0, 0.0, 0.0, 0.0, 0.0, 0.0, 0.0, 0.0, 0.0, 0.0, 0.0, 0.0, 0.0, 0.0, 0.0, 0.0, 0.0, 0.0, 0.0, 0.0, 0.0, 0.0, 0.0, 0.0, 0.0, 0.0, 0.0, 0.0, 0.0, 0.0, 0.0, 0.0, 0.0, 0.0, 0.0, 0.0, 0.0, 0.0, 0.0, 0.0, 0.0, 0.0, 0.0, 0.0, 0.0]}