{"run_identifier": "ADV2new-SyBa_1000Hz_vel_ETRA_FIFA_EMVIC_lossSwitched", "signal_type": "vel", "lr": 0.0005, "hz": 1000, "viewing time": 2, "bs": 32, "slice-time-windows": null, "last loss": "CELval", "current day": "05.07.2022", "current time": "20:13:28", "epoch losses train": [122.9136685821372, 81.36344645728528, 76.93271025805406, 75.59183179156881, 77.85506921418956, 74.4871219782762, 68.74215518924552, 74.10687833436778, 70.53503340734562, 74.0112475945916, 71.364093542099, 70.93644103869586, 72.81213951614541, 75.14177688242684, 65.57285232946906, 0.0, 0.0, 0.0, 0.0, 0.0, 0.0, 0.0, 0.0, 0.0, 0.0], "epoch losses val": [111.09630638444928, 96.23525681294186, 141.5114393637214, 97.52705692237532, 97.05907354220538, 91.02092380255041, 93.60655510593467, 103.20539232710718, 109.39561107796682, 99.08799955878459, 94.02279064017283, 94.41779913029201, 91.13135141721914, 99.37004046372964, 91.41128384227484, 0.0, 0.0, 0.0, 0.0, 0.0, 0.0, 0.0, 0.0, 0.0, 0.0], "global losses 100 train": [127.7834337348938, 83.04526795196533, 72.63961855697632, 79.95930390167236, 80.42596960830689, 77.38435082626343, 67.74112152099609, 72.89646919250488, 67.21392096710206, 74.02454040527344, 76.52171451568603, 74.7888678855896, 77.681615026474, 71.78021745491027, 66.94248721313477, 0.0, 0.0, 0.0, 0.0, 0.0, 0.0, 0.0, 0.0, 0.0, 0.0, 0.0], "global losses 100 val": [0.0, 0.0, 0.0, 0.0, 0.0, 0.0, 0.0, 0.0, 0.0, 0.0, 0.0, 0.0, 0.0, 0.0, 0.0, 0.0, 0.0, 0.0, 0.0, 0.0, 0.0, 0.0, 0.0, 0.0, 0.0, 0.0], "CEL epoch losses train": [0.9745189865500155, 1.0073246821551256, 1.0232277102243732, 1.0458510137149986, 1.0492442766545524, 1.072623885433439, 1.0889916542760083, 1.0843387324835214, 1.0437475592947343, 1.029722626045556, 1.1575561398771448, 1.0559664222765976, 1.1515412176368942, 1.0943516790866852, 1.060738615586724, 0.0, 0.0, 0.0, 0.0, 0.0, 0.0, 0.0, 0.0, 0.0, 0.0], "CEL epoch losses val": [0.9832110526696057, 1.0684705771191019, 1.1091418304073979, 1.000052295940023, 1.062187931907009, 1.011417762914174, 1.0607684284028873, 2.725070399297795, 1.0044338652785396, 0.9837546650792511, 1.209389305870298, 1.012053775955254, 1.2000957811382456, 1.0618330303212287, 1.2137401024220695, 0.0, 0.0, 0.0, 0.0, 0.0, 0.0, 0.0, 0.0, 0.0, 0.0], "CEL global losses 100 train": [0.9731560959815979, 1.0087195197343826, 1.0223167461156846, 1.0408897483348847, 1.0459906774759293, 1.0693241225481034, 1.086331519126892, 1.0816750531196595, 1.0520384274721146, 1.0271323852539063, 1.1642001527547836, 1.0548448370695114, 1.143002767086029, 1.1104078977108, 1.068167624115944, 0.0, 0.0, 0.0, 0.0, 0.0, 0.0, 0.0, 0.0, 0.0, 0.0, 0.0], "CEL global losses 100 val": [0.0, 0.0, 0.0, 0.0, 0.0, 0.0, 0.0, 0.0, 0.0, 0.0, 0.0, 0.0, 0.0, 0.0, 0.0, 0.0, 0.0, 0.0, 0.0, 0.0, 0.0, 0.0, 0.0, 0.0, 0.0, 0.0]}