{"run_identifier": "ADV2new-SyBa_500Hz_vel_ETRA_FIFA_EMVIC_lossSwitched", "signal_type": "vel", "lr": 0.0005, "hz": 500, "viewing time": 2, "bs": 32, "slice-time-windows": null, "last loss": "CELval", "current day": "03.07.2022", "current time": "16:30:52", "epoch losses train": [68.7445975893543, 56.189730302972535, 52.52633043975029, 54.66428391681047, 51.44610505174985, 48.66112237214416, 49.53984431060697, 49.49758011733662, 49.95884465128314, 47.706707325298744, 48.04935933911582, 45.46946332377503, 47.23855896905547, 48.468203697304716, 45.58756880831113, 0.0, 0.0, 0.0, 0.0, 0.0, 0.0, 0.0, 0.0, 0.0, 0.0], "epoch losses val": [64.98915183084053, 73.74638890718158, 60.20169774105674, 59.61360785501045, 79.35047400625129, 63.947777048746744, 63.238587436341405, 60.23411651075932, 57.36298342253033, 59.60549478363573, 57.1875114440918, 420.47765116106, 56.63128222415322, 59.843356115776196, 85.67858224835312, 0.0, 0.0, 0.0, 0.0, 0.0, 0.0, 0.0, 0.0, 0.0, 0.0], "global losses 100 train": [74.82523941040039, 68.6947963066101, 69.63933061790466, 41.63795607757568, 55.34880180740357, 50.8549924621582, 60.81331419944763, 56.5686205329895, 46.523876708984375, 55.06666181564331, 55.71191464233399, 41.47938812446594, 60.75901549720764, 42.657304931640624, 46.340496814727786, 53.83444866561889, 61.21284700012207, 43.70384899330139, 43.45970310783386, 55.896845487594604, 43.53726173591614, 60.24539786148071, 43.72054500389099, 46.52897793674469, 44.634344844818116, 48.419281914711, 52.46109356594086, 50.430604000091556, 44.597593987464904, 38.41642485618591, 0.0, 0.0, 0.0, 0.0, 0.0, 0.0, 0.0, 0.0, 0.0, 0.0, 0.0, 0.0, 0.0, 0.0, 0.0, 0.0, 0.0, 0.0, 0.0, 0.0, 0.0], "global losses 100 val": [0.0, 0.0, 0.0, 0.0, 0.0, 0.0, 0.0, 0.0, 0.0, 0.0, 0.0, 0.0, 0.0, 0.0, 0.0, 0.0, 0.0, 0.0, 0.0, 0.0, 0.0, 0.0, 0.0, 0.0, 0.0, 0.0, 0.0, 0.0, 0.0, 0.0, 0.0, 0.0, 0.0, 0.0, 0.0, 0.0, 0.0, 0.0, 0.0, 0.0, 0.0, 0.0, 0.0, 0.0, 0.0, 0.0, 0.0, 0.0, 0.0, 0.0, 0.0], "CEL epoch losses train": [1.0132883859118764, 1.0572630248357617, 1.1577761055394837, 1.1967473893653688, 1.2282232026311253, 1.2638323035870116, 1.2611766159795192, 1.2389746126853263, 1.2147913916217374, 1.170800161538996, 1.138642731979033, 1.1998348577128934, 1.1884814608754135, 1.0865270885999851, 1.104005906786297, 0.0, 0.0, 0.0, 0.0, 0.0, 0.0, 0.0, 0.0, 0.0, 0.0], "CEL epoch losses val": [0.9788126010643808, 2.419171560438056, 1.201523905051382, 1.5915191878352248, 1.3560718781069705, 1.1140694231317754, 1.287074477212471, 1.1561140524713616, 1.5167996157679642, 1.6421072765400535, 1.1412109661520573, 1.0426789091344466, 1.0915664359142905, 1.2004972702578494, 0.9900564839965419, 0.0, 0.0, 0.0, 0.0, 0.0, 0.0, 0.0, 0.0, 0.0, 0.0], "CEL global losses 100 train": [0.9993478454351425, 1.019472792029381, 1.0468905723094941, 1.0561578484773635, 1.1176138721704483, 1.1944889885187149, 1.1809288847446442, 1.2001245230436326, 1.200132402420044, 1.2620882033109664, 1.228651861667633, 1.2733502253293991, 1.2721954877376556, 1.2465251250267029, 1.2830764915943145, 1.2345809013843536, 1.1982374361753463, 1.2207528183460234, 1.1883881269693375, 1.1537232265472412, 1.1434237223863601, 1.1402105123996735, 1.2378014756441116, 1.182209600687027, 1.1743196148872375, 1.2042723507881166, 1.0670222240686416, 1.1044605230093003, 1.1088711898326873, 1.115869760632515, 0.0, 0.0, 0.0, 0.0, 0.0, 0.0, 0.0, 0.0, 0.0, 0.0, 0.0, 0.0, 0.0, 0.0, 0.0, 0.0, 0.0, 0.0, 0.0, 0.0, 0.0], "CEL global losses 100 val": [0.0, 0.0, 0.0, 0.0, 0.0, 0.0, 0.0, 0.0, 0.0, 0.0, 0.0, 0.0, 0.0, 0.0, 0.0, 0.0, 0.0, 0.0, 0.0, 0.0, 0.0, 0.0, 0.0, 0.0, 0.0, 0.0, 0.0, 0.0, 0.0, 0.0, 0.0, 0.0, 0.0, 0.0, 0.0, 0.0, 0.0, 0.0, 0.0, 0.0, 0.0, 0.0, 0.0, 0.0, 0.0, 0.0, 0.0, 0.0, 0.0, 0.0, 0.0]}